genotype,sequence,r_logic,v00,v10,v01,v11,y00_star,y10_star,y01_star,y11_star,flat_logic
ES1p,TTTACGTCTTTTTACTTTTGGTTACCGCGCTGGATAAAAAAACAGTATAAT,7.874123202192078,0.0,0.2028167055677526,1.0,0.8976752537355058,0.5785413004248834,1.2851997743509507,3.102331680156118,3.0010194594825843,False
ES2p,TTTACCTTACTTTACTAAACTTAATAAACCGCGCTGGATAAAAAAACAGTATAAT,3.1199368263603455,0.0,0.06552678830744754,1.0,0.6916826374486112,3.687176977020277,3.891938218290626,4.6748828970363165,4.31487029471305,False
ES3p,GCAAAAGTCGAGTAAAATTAGGTAAACCGCGACCTGAATGAATATACAGTATAAT,1.6506944573535118,0.5677822108691543,0.0,0.7367372024737984,1.0,0.9183026698101635,0.592875354289251,0.6553166073614063,1.0420426623184045,False
ES4p,GTGTACTTATCTTTTACCGCGAACTGTGATTTTATACAGTATAATTACATCTGATTTCA,4.119645044858867,0.0,0.11075756317476033,1.0,0.6618736170211293,-0.819050650157972,-0.36739035911869505,0.795275565508906,0.5536614664991659,False
ES6p,ATTAAAATGTTAACCGCGACAACGCTTAGTTTACTATAATAAGCTGGCGTTGATGCCAGC,1.8588547432807712,1.0,0.49383829027629433,0.24377979655021295,0.0,3.06942609088093,2.7694759534476443,1.9317792451365285,1.9703901731668274,False
ES7p,TTTGCTGTGCTTTACTGTATATTCATTCAGGTACCGCGTTTACGCGTTATTTACTATAAT,2.0930038677618525,1.0,0.7503879416010774,0.0,0.24511135003389523,5.301351422855594,5.110763811852084,3.8100827380171314,4.160018970118333,False
