genotype,sequence,r_logic,v00,v10,v01,v11,y00_star,y10_star,y01_star,y11_star,intensity_log2_offset_delta,flat_logic
ES1p,ggtgctacaTTTACGTCTTTTTACTTTTGGTTACCGCGCTGGATAAAAAAACAGTATAAT,7.874123202,0,0.202816706,1,0.897675254,0.5785413,1.285199774,3.10233168,3.001019459,0.0,FALSE
ES2p,cgatcTTTACCTTACTTTACTAAACTTAATAAACCGCGCTGGATAAAAAAACAGTATAAT,3.119936826,0,0.065526788,1,0.691682637,3.687176977,3.891938218,4.674882897,4.314870295,0.0,FALSE
ES3p,acctaGCAAAAGTCGAGTAAAATTAGGTAAACCGCGACCTGAATGAATATACAGTATAAT,1.650694457,0.567782211,0,0.736737202,1,0.91830267,0.592875354,0.655316607,1.042042662,0.0,FALSE
ES4p,cGTGTACTTATCTTTTACCGCGAACTGTGATTTTATACAGTATAATTACATCTGATTTCA,4.119645045,0,0.110757563,1,0.661873617,-0.81905065,-0.367390359,0.795275566,0.553661466,0.0,FALSE
ES6p,ATTAAAATGTTAACCGCGACAACGCTTAGTTTACTATAATAAGCTGGCGTTGATGCCAGC,1.858854743,1,0.49383829,0.243779797,0,3.069426091,2.769475953,1.931779245,1.970390173,0.0,FALSE
ES7p,TTTGCTGTGCTTTACTGTATATTCATTCAGGTACCGCGTTTACGCGTTATTTACTATAAT,2.093003868,1,0.750387942,0,0.24511135,5.301351423,5.110763812,3.810082738,4.16001897,0.0,FALSE
